"date","all.cases","symp.cases","records","local.rt.mean","local.rt.lower","local.rt.upper","rt.cat","mean","median","skewness","skewness.imputed","date.num","mean.cat","median.cat","skewness.cat"
2020-06-01,3,2,4,1.446419857,0.308917512,2.542115468,"3",28.615,30.69,-0.508233751946926,-0.508233751946926,18414,"5","5","1"
2020-06-02,4,0,0,1.15100886,0.305611914,2.074177122,"3",NA,NA,NA,NA,18415,NA,NA,NA
2020-06-03,0,2,1,0.870184019,0.23436851,1.64088151,"2",18.99,18.99,NA,-0.0699552367167076,18416,"1","1",NA
2020-06-04,1,1,2,0.670090033,0.18018237,1.211997549,"2",28.85,28.85,-3.77190180504134e-14,-3.77190180504134e-14,18417,"5","5","2"
2020-06-05,0,0,0,0.484862289,0.137250337,0.948573379,"1",NA,NA,NA,NA,18418,NA,NA,NA
2020-06-06,0,0,0,0.345918795,0.115559228,0.704787738,"1",NA,NA,NA,NA,18419,NA,NA,NA
2020-06-07,0,0,0,0.232606169,0.104997156,0.511117683,"1",NA,NA,NA,NA,18420,NA,NA,NA
2020-06-08,0,0,0,0.1727864,0.096696286,0.513623525,"1",NA,NA,NA,NA,18421,NA,NA,NA
2020-06-09,0,0,0,0.187650854,0.100210117,0.545231394,"1",NA,NA,NA,NA,18422,NA,NA,NA
2020-06-10,0,0,0,0.220710605,0.128141826,0.612995456,"1",NA,NA,NA,NA,18423,NA,NA,NA
2020-06-11,0,0,0,0.25562323,0.138093912,0.711966022,"1",NA,NA,NA,NA,18424,NA,NA,NA
2020-06-12,1,0,1,0.317954374,0.165861133,0.902841673,"1",24,24,NA,NA,18425,"3","3",NA
2020-06-13,1,0,0,0.383463858,0.209335246,1.012734504,"1",NA,NA,NA,NA,18426,NA,NA,NA
2020-06-14,0,0,0,0.462267389,0.23749277,1.272200073,"1",NA,NA,NA,NA,18427,NA,NA,NA
2020-06-15,0,0,0,0.565480204,0.278040275,1.706503153,"2",NA,NA,NA,NA,18428,NA,NA,NA
2020-06-16,0,0,0,0.658612765,0.343946576,1.652732081,"2",NA,NA,NA,NA,18429,NA,NA,NA
2020-06-17,0,0,0,0.76339813,0.370514314,1.817910738,"2",NA,NA,NA,NA,18430,NA,NA,NA
2020-06-18,0,0,0,0.909229038,0.449401456,1.822502081,"2",NA,NA,NA,NA,18431,NA,NA,NA
2020-06-19,0,0,0,1.255017978,0.48952759,3.199703958,"3",NA,NA,NA,NA,18432,NA,NA,NA
2020-06-20,0,0,0,2.34345855,0.783830417,3.96110716,"4",NA,NA,NA,NA,18433,NA,NA,NA
2020-06-21,0,0,0,2.943689789,1.761097168,4.898167807,"4",NA,NA,NA,NA,18434,NA,NA,NA
2020-06-22,0,0,0,3.781680637,2.306878246,5.919775421,"4",NA,NA,NA,NA,18435,NA,NA,NA
2020-06-23,0,0,0,4.199860703,2.700351182,6.459848002,"4",NA,NA,NA,NA,18436,NA,NA,NA
2020-06-24,0,0,0,4.349620228,2.904322083,7.152710465,"4",NA,NA,NA,NA,18437,NA,NA,NA
2020-06-25,0,2,0,4.479108712,3.004368238,7.771487899,"4",NA,NA,NA,NA,18438,NA,NA,NA
2020-06-26,0,0,0,4.535005896,2.991160276,7.783386709,"4",NA,NA,NA,NA,18439,NA,NA,NA
2020-06-27,0,0,0,4.514563372,3.036615455,7.893872519,"4",NA,NA,NA,NA,18440,NA,NA,NA
2020-06-28,0,0,0,4.487578971,3.043970408,7.572332841,"4",NA,NA,NA,NA,18441,NA,NA,NA
2020-06-29,0,1,0,4.379799403,2.999890286,7.275280763,"4",NA,NA,NA,NA,18442,NA,NA,NA
2020-06-30,0,2,0,4.239541519,3.005798065,6.937017765,"4",NA,NA,NA,NA,18443,NA,NA,NA
2020-07-01,0,4,0,4.153150196,2.958581277,6.583614585,"4",NA,NA,NA,NA,18444,NA,NA,NA
2020-07-02,0,3,0,4.030689806,2.903345984,6.275741373,"4",NA,NA,NA,NA,18445,NA,NA,NA
2020-07-03,0,6,0,3.845672538,2.793349237,5.985869274,"4",NA,NA,NA,NA,18446,NA,NA,NA
2020-07-04,0,8,1,3.606564175,2.650097084,5.650969364,"4",16.6,16.6,NA,NA,18447,"1","1",NA
2020-07-05,2,10,1,3.352436236,2.455163217,5.252133062,"4",19.49,19.49,NA,NA,18448,"1","1",NA
2020-07-06,1,21,6,3.081723077,2.254117093,4.726058209,"4",16.95,16,0.679455573887111,0.679455573887111,18449,"1","1","4"
2020-07-07,9,37,23,2.830351845,2.091082786,4.250286013,"4",19.2726086956522,19.12,0.2817156282407,0.2817156282407,18450,"1","1","3"
2020-07-08,19,28,17,2.603123926,1.931992208,3.802313456,"4",22.2711764705882,21.23,0.366825465438774,0.366825465438774,18451,"3","2","4"
2020-07-09,34,35,34,2.400179941,1.824922562,3.399017823,"4",20.2429411764706,18.95,0.384475027500479,0.384475027500479,18452,"2","1","4"
2020-07-10,32,44,51,2.241139879,1.718942185,3.113316483,"4",19.8429411764706,18.48,0.744674414923252,0.744674414923252,18453,"1","1","4"
2020-07-11,16,41,35,2.095323304,1.647444745,2.858859025,"4",21.1851428571429,20.4,0.573094493690687,0.573094493690687,18454,"2","2","4"
2020-07-12,30,50,24,1.99537498,1.597590828,2.665455151,"4",21.39125,21.28,0.376776675560416,0.376776675560416,18455,"2","2","4"
2020-07-13,41,54,46,1.900405423,1.548636805,2.512140213,"4",21.4789130434783,19.285,0.589891223893133,0.589891223893133,18456,"2","1","4"
2020-07-14,40,75,43,1.815986494,1.509185746,2.367710317,"4",22.0483720930233,20.77,0.569046086641768,0.569046086641768,18457,"3","2","4"
2020-07-15,14,82,39,1.738573089,1.449351664,2.22778882,"4",20.4761538461538,19.1,0.616518642483067,0.616518642483067,18458,"2","1","4"
2020-07-16,63,84,53,1.656966355,1.396076778,2.111328026,"4",22.2996226415094,20.9,0.561093904605453,0.561093904605453,18459,"3","2","4"
2020-07-17,50,90,76,1.584742124,1.350010977,1.995272626,"4",22.4507894736842,21.02,0.412827612152964,0.412827612152964,18460,"3","2","4"
2020-07-18,60,84,87,1.52382463,1.304351828,1.898284421,"4",21.7341379310345,21.3,0.54757491047255,0.54757491047255,18461,"2","2","4"
2020-07-19,82,72,101,1.460795452,1.26442263,1.8005052,"3",22.0053465346535,20.77,0.750881047722755,0.750881047722755,18462,"3","2","4"
2020-07-20,66,102,100,1.391251685,1.223968458,1.705645122,"3",21.3337,21.44,0.296248135631552,0.296248135631552,18463,"2","2","3"
2020-07-21,58,103,89,1.330868496,1.182724088,1.611106533,"3",22.0311235955056,20.32,0.525350038668933,0.525350038668933,18464,"3","2","4"
2020-07-22,102,106,109,1.278703748,1.14104027,1.528550504,"3",22.3381651376147,22.5,0.209261404980756,0.209261404980756,18465,"3","3","3"
2020-07-23,110,100,127,1.218335114,1.086883967,1.43891937,"3",23.6903937007874,22.81,0.352011987737083,0.352011987737083,18466,"3","3","4"
2020-07-24,115,113,113,1.151795949,1.034956027,1.33890321,"3",21.7776991150442,20.82,0.55111684759549,0.55111684759549,18467,"2","2","4"
2020-07-25,126,116,104,1.07705379,0.98033589,1.226590316,"3",23.1609615384615,22.435,0.317960081026493,0.317960081026493,18468,"3","3","4"
2020-07-26,103,97,110,0.998600728,0.9137304,1.123258199,"2",22.6880909090909,22.2,0.276334881041307,0.276334881041307,18469,"3","3","3"
2020-07-27,141,131,119,0.921657709,0.860004305,1.026790097,"2",23.6452100840336,22.93,0.136843650987388,0.136843650987388,18470,"3","3","3"
2020-07-28,98,92,128,0.855088895,0.804598325,0.940552014,"2",23.86578125,23.925,0.0387400038196522,0.0387400038196522,18471,"3","3","3"
2020-07-29,112,79,112,0.794832628,0.753195528,0.861918477,"2",23.1021428571429,21.525,0.49222261861704,0.49222261861704,18472,"3","2","4"
2020-07-30,145,60,120,0.746458738,0.696952491,0.797899375,"2",24.5683333333333,24.785,0.111904251396196,0.111904251396196,18473,"4","4","3"
2020-07-31,118,58,120,0.703438834,0.649972895,0.752023344,"2",24.24375,24.18,0.105504975944125,0.105504975944125,18474,"4","4","3"
2020-08-01,124,60,111,0.672979221,0.614911683,0.726901707,"2",23.5931531531532,23.1,0.109148771587316,0.109148771587316,18475,"3","3","3"
2020-08-02,112,50,90,0.654965807,0.593540526,0.713315681,"2",25.4018888888889,25.09,-0.0138870324842964,-0.0138870324842964,18476,"4","4","2"
2020-08-03,80,54,104,0.644709198,0.580327024,0.712695873,"2",25.4698076923077,24.845,0.180011648541601,0.180011648541601,18477,"4","4","3"
2020-08-04,75,47,100,0.638560739,0.563116497,0.706271218,"2",25.4389,25.75,-0.0943112940702897,-0.0943112940702897,18478,"4","4","2"
2020-08-05,82,50,107,0.633865133,0.554828918,0.709051942,"2",26.8842056074766,28.24,-0.173009652245334,-0.173009652245334,18479,"5","5","2"
2020-08-06,91,32,81,0.624716965,0.542367546,0.708360443,"2",25.3211111111111,25.61,-0.0182243650784305,-0.0182243650784305,18480,"4","4","2"
2020-08-07,81,40,80,0.620130366,0.530729907,0.708552781,"2",24.598875,24.38,0.278680331321652,0.278680331321652,18481,"4","4","3"
2020-08-08,67,34,76,0.613457986,0.524963558,0.706244819,"2",25.1292105263158,24.51,0.209074365575421,0.209074365575421,18482,"4","4","3"
2020-08-09,63,32,53,0.60869378,0.517888726,0.709367568,"2",25.7981132075472,26.13,0.0612618318960588,0.0612618318960588,18483,"4","5","3"
2020-08-10,67,36,78,0.607244425,0.51300479,0.708188793,"2",24.3492307692308,24.375,0.164689648980214,0.164689648980214,18484,"4","4","3"
2020-08-11,32,25,68,0.607920849,0.499843786,0.710138341,"2",24.8467647058824,24.975,0.22633510663805,0.22633510663805,18485,"4","4","3"
2020-08-12,61,26,55,0.603998218,0.486629944,0.709642508,"2",26.1669090909091,26.77,-0.109905815017929,-0.109905815017929,18486,"5","5","2"
2020-08-13,65,24,40,0.595546556,0.47054462,0.707200409,"2",25.165,24.49,0.0728568232271806,0.0728568232271806,18487,"4","4","3"
2020-08-14,46,19,67,0.583658204,0.456779702,0.694148675,"2",25.0067164179104,24.72,0.137368872437104,0.137368872437104,18488,"4","4","3"
2020-08-15,39,18,37,0.564674017,0.450830435,0.669107869,"2",23.9356756756757,24.54,0.00774933626816926,0.00774933626816926,18489,"3","4","3"
2020-08-16,70,24,60,0.544165067,0.428539127,0.641357065,"2",24.8566666666667,25.52,-0.0421099078535103,-0.0421099078535103,18490,"4","4","2"
2020-08-17,31,19,40,0.516429228,0.403685516,0.618261055,"2",24.412,23.485,0.193588325694844,0.193588325694844,18491,"4","3","3"
2020-08-18,35,13,28,0.491296708,0.383091552,0.593465459,"1",27.8210714285714,27.385,-0.199605668862657,-0.199605668862657,18492,"5","5","2"
2020-08-19,23,14,18,0.470351179,0.363735595,0.567989608,"1",25.7372222222222,25.525,0.0568435507683563,0.0568435507683563,18493,"4","4","3"
2020-08-20,17,16,30,0.447204863,0.340823951,0.554386139,"1",23.164,22.24,0.196560883280628,0.196560883280628,18494,"3","3","3"
2020-08-21,18,13,16,0.434358164,0.327843999,0.552624512,"1",22.0775,22.655,-0.153225515317254,-0.153225515317254,18495,"3","3","2"
2020-08-22,24,9,17,0.433331066,0.326384025,0.552889559,"1",28.8347058823529,28.84,-0.757119489204076,-0.757119489204076,18496,"5","5","1"
2020-08-23,19,4,21,0.436146532,0.332724118,0.571894887,"1",25.5490476190476,26.16,0.000103132816849609,0.000103132816849609,18497,"4","5","3"
2020-08-24,7,5,15,0.443411105,0.32336097,0.595484296,"1",24.9133333333333,28.54,-0.28833278875463,-0.28833278875463,18498,"4","5","2"
2020-08-25,16,9,20,0.457488312,0.321843078,0.612203933,"1",23.244,22.57,0.316962397187209,0.316962397187209,18499,"3","3","4"
2020-08-26,24,8,14,0.469731939,0.327705851,0.639334863,"1",25.1621428571429,26.275,-0.424703217953027,-0.424703217953027,18500,"4","5","1"
2020-08-27,18,10,17,0.486411834,0.340179933,0.6666298,"1",27.0641176470588,27.82,-0.41015286156661,-0.41015286156661,18501,"5","5","1"
2020-08-28,10,5,22,0.505260679,0.350592831,0.670451351,"2",28.1404545454545,27.37,-0.0972101259618335,-0.0972101259618335,18502,"5","5","2"
2020-08-29,16,6,12,0.551267187,0.397630885,0.714883154,"2",25.2858333333333,25.11,0.0113216402834221,0.0113216402834221,18503,"4","4","3"
2020-08-30,10,5,11,0.558930819,0.379652106,0.76509058,"2",27.7527272727273,28.2,-0.0476738706920972,-0.0476738706920972,18504,"5","5","2"
2020-08-31,7,5,9,0.553749926,0.364449439,0.767274523,"2",24.9711111111111,30.24,-0.0284075983877061,-0.0284075983877061,18505,"4","5","2"
2020-09-01,9,8,8,0.588081216,0.424091868,0.760193003,"2",27.55875,27.32,0.150681014674187,0.150681014674187,18506,"5","5","3"
2020-09-02,8,8,3,0.594151453,0.446789718,0.772919517,"2",29.5266666666667,36.69,-0.38468806130403,-0.38468806130403,18507,"5","5","1"
2020-09-03,7,5,7,0.601387766,0.466396143,0.779728578,"2",27.1542857142857,27.2,0.404279044217095,0.404279044217095,18508,"5","5","4"
2020-09-04,7,2,5,0.605786723,0.460814317,0.774303847,"2",28.148,29.87,-0.597738423113964,-0.597738423113964,18509,"5","5","1"
2020-09-05,7,3,10,0.593138561,0.445623324,0.755676461,"2",26.334,29.825,-0.612441342731045,-0.612441342731045,18510,"5","5","1"
2020-09-06,15,3,11,0.584890403,0.444587334,0.773412406,"2",28.27,30.81,-0.6099191756593,-0.6099191756593,18511,"5","5","1"
2020-09-07,10,1,7,0.585445868,0.440712761,0.78926059,"2",24.9914285714286,23.75,0.123513944561936,0.123513944561936,18512,"4","3","3"
2020-09-08,3,3,4,0.590116326,0.436299632,0.794921334,"2",32.0475,32.15,-0.0746892633004957,-0.0746892633004957,18513,"5","5","2"
2020-09-09,5,7,7,0.605619662,0.444980221,0.80102045,"2",27.8271428571429,30.18,-0.577598564019174,-0.577598564019174,18514,"5","5","1"
2020-09-10,5,4,5,0.605953359,0.43290495,0.80685637,"2",24.24,25.43,-0.266903305713141,-0.266903305713141,18515,"4","4","2"
2020-09-11,3,4,10,0.591617507,0.428412387,0.806672726,"2",23.162,20.85,0.527567203119274,0.527567203119274,18516,"3","2","4"
2020-09-12,9,3,7,0.57742512,0.423690906,0.800805954,"2",20.7257142857143,21.11,0.219586309003152,0.219586309003152,18517,"2","2","3"
2020-09-13,11,1,9,0.561152164,0.399634092,0.769301949,"2",23.5744444444444,21.6,0.988974946040716,0.988974946040716,18518,"3","2","4"
2020-09-14,12,2,3,0.539139278,0.381174477,0.732312808,"2",25.48,24.3,0.150790933457397,0.150790933457397,18519,"4","4","3"
2020-09-15,0,3,7,0.523237303,0.378308,0.721478732,"2",25.1842857142857,27,0.399871978652428,0.399871978652428,18520,"4","5","4"
2020-09-16,5,1,4,0.51395288,0.327875158,0.689900292,"2",24.5375,27.39,-0.696534333341993,-0.696534333341993,18521,"4","5","1"
2020-09-17,6,1,6,0.536450688,0.325462972,0.714987014,"2",21.8916666666667,21.03,0.659530258552742,0.659530258552742,18522,"2","2","4"
2020-09-18,2,1,1,0.54345661,0.307975938,0.730030272,"2",13.56,13.56,NA,0.321398185069102,18523,"1","1",NA
2020-09-19,4,2,3,0.540675613,0.312933047,0.744161871,"2",26.9766666666667,25.5,0.171248967026853,0.171248967026853,18524,"5","4","3"
2020-09-20,4,2,2,0.536690936,0.350372224,0.762435176,"2",26.045,26.045,-8.3258281395979e-16,-8.3258281395979e-16,18525,"5","5","2"
2020-09-21,2,1,4,0.532609235,0.343533911,0.77666301,"2",31.4425,32.51,-0.247495131583495,-0.247495131583495,18526,"5","5","2"
2020-09-22,3,2,7,0.539604684,0.352344274,0.795468643,"2",20.8471428571429,18.78,0.973227138690911,0.973227138690911,18527,"2","1","4"
2020-09-23,2,0,0,0.579053253,0.358865535,0.807485972,"2",NA,NA,NA,NA,18528,NA,NA,NA
2020-09-24,3,2,1,0.602798958,0.363036717,0.848624952,"2",27.9,27.9,NA,0.311302246537402,18529,"5","5",NA
2020-09-25,2,1,2,0.65069831,0.400943823,0.920159856,"2",17.135,17.135,3.63373591792926e-16,3.63373591792926e-16,18530,"1","1","3"
2020-09-26,0,4,1,0.749040513,0.472699149,1.05245112,"2",17.1,17.1,NA,0.179396194826854,18531,"1","1",NA
2020-09-27,1,0,2,0.861953667,0.577869523,1.230189002,"2",27.455,27.455,1.85805401956552e-16,1.85805401956552e-16,18532,"5","5","3"
2020-09-28,3,1,1,1.00196086,0.70887992,1.37773729,"3",37.76,37.76,NA,0.181433001776854,18533,"5","5",NA
2020-09-29,0,1,0,1.144700116,0.828971083,1.547973392,"3",NA,NA,NA,NA,18534,NA,NA,NA
2020-09-30,1,1,2,1.253057698,0.952301708,1.711579757,"3",18.4,18.4,1.10597174230943e-15,1.10597174230943e-15,18535,"1","1","3"
2020-10-01,1,4,2,1.402041463,1.024209697,1.79746958,"3",21.425,21.425,1.32834086390606e-15,1.32834086390606e-15,18536,"2","2","3"
2020-10-02,3,1,1,1.471484401,1.083283502,1.812434415,"3",20.1,20.1,NA,7.45872899991242e-16,18537,"2","2",NA
2020-10-03,1,5,3,1.450332188,1.125149695,1.772309073,"3",16.3733333333333,16.46,-0.0529636215048359,-0.0529636215048359,18538,"1","1","2"
2020-10-04,2,7,2,1.372026028,1.090116857,1.709759481,"3",25.515,25.515,0,0,18539,"4","4","2"
2020-10-05,2,3,3,1.239848588,0.97071068,1.562463858,"3",19.1333333333333,19.6,-0.167652088772804,-0.167652088772804,18540,"1","1","2"
2020-10-06,4,7,9,1.084242875,0.842893974,1.335348182,"3",18.5522222222222,16.9,0.446909448719182,0.446909448719182,18541,"1","1","4"
2020-10-07,9,3,10,0.939477327,0.737166059,1.217049971,"2",21.962,20.715,0.339279024642718,0.339279024642718,18542,"2","2","4"
2020-10-08,14,2,12,0.774492535,0.592519305,0.967309779,"2",25.4441666666667,25.955,-0.204266219043118,-0.204266219043118,18543,"4","4","2"
2020-10-09,7,3,3,0.622057374,0.439276023,0.788972387,"2",26.1,19.94,0.383049384129385,0.383049384129385,18544,"5","1","4"
2020-10-10,3,3,6,0.484347546,0.332112393,0.64313267,"1",21.2866666666667,21.17,0.190481016704016,0.190481016704016,18545,"2","2","3"
2020-10-11,4,1,5,0.372476679,0.220590219,0.531351193,"1",20.726,19.5,0.668815179994352,0.668815179994352,18546,"2","1","4"
2020-10-12,5,1,6,0.318025324,0.161398941,0.456883902,"1",24.4866666666667,23.22,0.483981130043522,0.483981130043522,18547,"4","3","4"
2020-10-13,4,1,3,0.293049887,0.109579595,0.410210175,"1",18.3166666666667,14.63,0.384372099908984,0.384372099908984,18548,"1","1","4"
2020-10-14,0,0,1,0.303396905,0.083501067,0.449118923,"1",14.5,14.5,NA,0.320815945197123,18549,"1","1",NA
2020-10-15,4,0,0,0.31632705,0.043001628,0.495589551,"1",NA,NA,NA,NA,18550,NA,NA,NA
2020-10-16,1,1,0,0.329931354,0.032373916,0.538233806,"1",NA,NA,NA,NA,18551,NA,NA,NA
2020-10-17,0,2,1,0.333670266,0.035959671,0.556285876,"1",18.5,18.5,NA,0.431912356662718,18552,"1","1",NA
2020-10-18,2,0,1,0.347565723,0.040480107,0.562916355,"1",17.12,17.12,NA,0.512389469982286,18553,"1","1",NA
2020-10-19,1,2,2,0.331778346,0.042839711,0.618744567,"1",20.905,20.905,-1.6989941540734e-15,-1.6989941540734e-15,18554,"2","2","2"
2020-10-20,1,1,1,0.319605886,0.047005106,0.659614368,"1",26.7,26.7,NA,0.192186049954491,18555,"5","5",NA
2020-10-21,1,1,0,0.307794884,0.059181477,0.716106928,"1",NA,NA,NA,NA,18556,NA,NA,NA
2020-10-22,1,1,1,0.321039683,0.056104643,0.769415776,"1",33,33,NA,-1.6989941540734e-15,18557,"5","5",NA
2020-10-23,0,0,1,0.365535558,0.078959766,0.797248545,"1",17.7,17.7,NA,-1.6989941540734e-15,18558,"1","1",NA
2020-10-24,1,0,1,0.466487365,0.131823631,0.948165833,"1",14.51,14.51,NA,-1.6989941540734e-15,18559,"1","1",NA
2020-10-25,1,0,0,0.604307929,0.234277773,1.161029072,"2",NA,NA,NA,NA,18560,NA,NA,NA
2020-10-26,0,0,0,0.772524554,0.326068194,1.333096386,"2",NA,NA,NA,NA,18561,NA,NA,NA
2020-10-27,0,1,2,0.961036195,0.441567077,1.608449073,"2",27.805,27.805,0,0,18562,"5","5","2"
2020-10-28,0,2,0,1.097558526,0.639629253,1.791463115,"3",NA,NA,NA,NA,18563,NA,NA,NA
2020-10-29,1,0,1,1.157997037,0.734253903,1.769682332,"3",18.87,18.87,NA,0,18564,"1","1",NA
2020-10-30,1,5,1,1.155160119,0.787865772,1.706532871,"3",22.31,22.31,NA,0,18565,"3","3",NA
2020-10-31,0,3,1,1.140981938,0.769500892,1.654277505,"3",19.25,19.25,NA,0,18566,"1","1",NA
2020-11-01,1,1,6,1.129829461,0.778460275,1.637398058,"3",20.06,18.75,0.383371182200111,0.383371182200111,18567,"2","1","4"
2020-11-02,3,2,3,1.141330134,0.832671853,1.631220604,"3",20.5133333333333,20.34,0.113461101533664,0.113461101533664,18568,"2","2","3"
2020-11-03,3,0,0,1.177655962,0.835588864,1.666335674,"3",NA,NA,NA,NA,18569,NA,NA,NA
2020-11-04,2,0,1,1.259480853,0.88750694,1.801216063,"3",21.3,21.3,NA,0.248416141866888,18570,"2","2",NA
2020-11-05,1,2,0,1.40431581,1.007173856,1.976582743,"3",NA,NA,NA,NA,18571,NA,NA,NA
2020-11-06,0,3,1,1.588761642,1.204900394,2.29179082,"4",31.44,31.44,NA,0.248416141866888,18572,"5","5",NA
2020-11-07,1,4,2,1.805111461,1.399467173,2.550054566,"4",33.205,33.205,4.67644153796653e-16,4.67644153796653e-16,18573,"5","5","3"
2020-11-08,2,2,2,2.020297963,1.587407228,2.783246561,"4",24.42,24.42,-5.20139379991169e-16,-5.20139379991169e-16,18574,"4","4","2"
2020-11-09,0,2,0,2.197939084,1.698436817,3.078340432,"4",NA,NA,NA,NA,18575,NA,NA,NA
2020-11-10,2,3,1,2.357731985,1.831106952,3.267906939,"4",20.76,20.76,NA,-2.62476130972581e-17,18576,"2","2",NA
2020-11-11,3,7,8,2.521772962,1.96806129,3.774581191,"4",22.06125,20.49,0.595436917753267,0.595436917753267,18577,"3","2","4"
2020-11-12,7,2,2,2.69097605,2.104393593,4.065450369,"4",20.215,20.215,-4.9394725166732e-16,-4.9394725166732e-16,18578,"2","2","2"
2020-11-13,4,3,4,2.848768086,2.208354424,4.292551516,"4",19.6625,19.31,0.253948337369007,0.253948337369007,18579,"1","1","3"
2020-11-14,3,10,1,2.948295922,2.292331547,4.454678919,"4",15.47,15.47,NA,0.169877051024455,18580,"1","1",NA
2020-11-15,5,6,1,3.01490522,2.317524535,4.600537615,"4",17.79,17.79,NA,0.212346313780568,18581,"1","1",NA
2020-11-16,0,14,3,3.014702152,2.34842164,4.580981876,"4",23.6,19.8,0.384520711301706,0.384520711301706,18582,"3","1","4"
2020-11-17,1,18,5,2.983539385,2.331207433,4.554008323,"4",24.46,25.02,-0.262777683302016,-0.262777683302016,18583,"4","4","2"
2020-11-18,3,17,7,2.920829239,2.216993143,4.821394281,"4",20.6171428571429,19.05,0.382504350583442,0.382504350583442,18584,"2","1","4"
2020-11-19,3,27,21,2.734397606,2.109860129,4.545293284,"4",22.6247619047619,24.3,0.0693404626553991,0.0693404626553991,18585,"3","4","3"
2020-11-20,21,50,40,2.563234783,1.969670238,4.183523595,"4",21.39325,19.315,0.683572235169869,0.683572235169869,18586,"2","1","4"
2020-11-21,36,41,53,2.345651423,1.817773283,3.816274985,"4",20.1077358490566,18.3,1.05510048777806,1.05510048777806,18587,"2","1","4"
2020-11-22,61,66,62,2.128398428,1.668177679,3.444467893,"4",20.3246774193548,18.455,0.844806967917452,0.844806967917452,18588,"2","1","4"
2020-11-23,63,75,69,1.928153684,1.532456042,2.988161778,"4",20.0584057971015,19.5,0.819036765607734,0.819036765607734,18589,"2","1","4"
2020-11-24,69,73,84,1.732384304,1.414777919,2.618366901,"4",19.5059523809524,18.5,1.2756690071603,1.2756690071603,18590,"1","1","4"
2020-11-25,83,69,77,1.582592708,1.319107008,2.144255775,"4",20.7077922077922,19.5,0.711736428407498,0.711736428407498,18591,"2","1","4"
2020-11-26,75,66,94,1.450635115,1.231542514,1.899912582,"3",21.4585106382979,19.99,0.627892079903587,0.627892079903587,18592,"2","1","4"
2020-11-27,89,72,72,1.350180502,1.165509972,1.74720008,"3",21.0720833333333,21.15,0.708894913110299,0.708894913110299,18593,"2","2","4"
2020-11-28,81,66,89,1.265595096,1.114401908,1.598740751,"3",21.3701123595506,20.56,0.678410675695812,0.678410675695812,18594,"2","2","4"
2020-11-29,109,60,79,1.197345446,1.067398493,1.47709821,"3",20.5512658227848,19.46,0.348219587064872,0.348219587064872,18595,"2","1","4"
2020-11-30,68,93,78,1.142558944,1.028260817,1.37492346,"3",21.6710256410256,21.25,0.210214315288453,0.210214315288453,18596,"2","2","3"
2020-12-01,72,73,100,1.09582334,0.993892671,1.287749594,"3",21.3005,20.63,0.230457291644873,0.230457291644873,18597,"2","2","3"
2020-12-02,97,81,89,1.059314076,0.967626923,1.212287812,"3",22.1104494382022,21.2,0.150231325758333,0.150231325758333,18598,"3","2","3"
2020-12-03,79,78,91,1.030666758,0.953183004,1.160449061,"3",23.9602197802198,23.3,0.472653331341732,0.472653331341732,18599,"3","3","4"
2020-12-04,100,67,117,0.999216934,0.931857639,1.108799611,"2",21.9496581196581,21.7,0.199265103606349,0.199265103606349,18600,"2","2","3"
2020-12-05,92,70,70,0.970778621,0.911173481,1.071198889,"2",23.4901428571429,23.55,0.399221888808709,0.399221888808709,18601,"3","3","4"
2020-12-06,87,81,76,0.947911653,0.888209349,1.032371961,"2",22.1915789473684,21.6,0.486164532226859,0.486164532226859,18602,"3","2","4"
2020-12-07,71,74,109,0.928375005,0.870441524,0.999664356,"2",22.8907339449541,21.82,0.552661111224915,0.552661111224915,18603,"3","2","4"
2020-12-08,95,88,110,0.91215498,0.85506139,0.972290808,"2",23.3322727272727,23.215,0.332304270389904,0.332304270389904,18604,"3","3","4"
2020-12-09,99,53,101,0.898528223,0.851129541,0.947660574,"2",23.0420792079208,21.4,0.667883969944817,0.667883969944817,18605,"3","2","4"
2020-12-10,102,58,81,0.886990375,0.830940633,0.936269513,"2",23.288024691358,23.47,0.37300475311328,0.37300475311328,18606,"3","3","4"
2020-12-11,81,73,111,0.871756959,0.820814552,0.919890236,"2",22.6736936936937,21.72,0.387053061837395,0.387053061837395,18607,"3","2","4"
2020-12-12,64,54,78,0.856553488,0.801710201,0.913167401,"2",23.7947435897436,23.47,0.320652663181128,0.320652663181128,18608,"3","3","4"
2020-12-13,92,69,66,0.839808914,0.791757759,0.892057049,"2",23.6757575757576,22.465,0.368814790989149,0.368814790989149,18609,"3","3","4"
2020-12-14,77,74,79,0.831529066,0.766068141,0.87957858,"2",23.4567088607595,23.8,0.10064444605151,0.10064444605151,18610,"3","3","3"
2020-12-15,89,55,127,0.817870404,0.75474709,0.866595321,"2",23.8014173228346,24.2,0.171432172432522,0.171432172432522,18611,"3","4","3"
2020-12-16,79,60,53,0.798483606,0.737843781,0.852214266,"2",26.4062264150943,26.86,-0.0661727160981505,-0.0661727160981505,18612,"5","5","2"
2020-12-17,90,44,78,0.793673616,0.726060377,0.849644582,"2",23.8516666666667,23.62,0.145282691397166,0.145282691397166,18613,"3","3","3"
2020-12-18,64,44,87,0.774544782,0.712152007,0.837884525,"2",24.092183908046,23.21,0.221938009645711,0.221938009645711,18614,"4","3","3"
2020-12-19,102,53,88,0.770066916,0.70497193,0.836178274,"2",23.4028409090909,23.335,0.194467074152059,0.194467074152059,18615,"3","3","3"
2020-12-20,70,41,70,0.774064852571395,0.703663084105003,0.848457325863074,"2",24.799,24.785,0.198855391870718,0.198855391870718,18616,"4","4","3"
2020-12-21,78,45,78,0.780399503769614,0.687917684396261,0.850381124243989,"2",24.1228205128205,24.235,-0.0909734234174029,-0.0909734234174029,18617,"4","4","2"
2020-12-22,53,43,61,0.774136512727741,0.690466460994463,0.84472593650817,"2",23.8262295081967,23.4,0.396824446587956,0.396824446587956,18618,"3","3","4"
2020-12-23,47,50,69,0.770290153631685,0.676220736982985,0.854346795034711,"2",24.6340579710145,23.75,0.204023821104461,0.204023821104461,18619,"4","3","3"
2020-12-24,61,42,68,0.775230462048266,0.679121064987438,0.845981063849695,"2",24.2138235294118,24.73,0.269366241356077,0.269366241356077,18620,"4","4","3"
2020-12-25,55,47,54,0.75966669180735,0.688511690855543,0.833363958645639,"2",23.0961111111111,22.2,0.278902946942316,0.278902946942316,18621,"3","3","3"
2020-12-26,53,29,62,0.749450870276986,0.644015266484063,0.820937492181892,"2",23.6456451612903,23.6,0.00186932350284487,0.00186932350284487,18622,"3","3","3"
2020-12-27,69,25,49,0.73675350560483,0.656558811940568,0.807874481059675,"2",23.4432653061224,23.3,0.220081140005499,0.220081140005499,18623,"3","3","3"
2020-12-28,60,45,45,0.716024435523639,0.625297731537691,0.784733768083195,"2",22.7395555555556,21.1,0.376609183433035,0.376609183433035,18624,"3","2","4"
2020-12-29,50,36,54,0.710792578762688,0.63700792141737,0.784080151248655,"2",25.4824074074074,26.35,0.102106530446981,0.102106530446981,18625,"4","5","3"
2020-12-30,47,19,63,0.725242088981795,0.626680912387434,0.788845036614976,"2",24.3006349206349,24.2,0.251789484878337,0.251789484878337,18626,"4","4","3"
2020-12-31,62,22,42,0.740835849231959,0.644300069451996,0.816673578786722,"2",24.7433333333333,24.5,-0.0721608205813994,-0.0721608205813994,18627,"4","4","2"
2021-01-01,36,24,27,0.757816567816752,0.657563166063935,0.853058354575259,"2",24.5655555555556,22.1,0.198543696215231,0.198543696215231,18628,"4","3","3"
2021-01-02,34,35,47,0.787648972650134,0.672037503798236,0.892187351787029,"2",25.8736170212766,25.3,0.101176768807016,0.101176768807016,18629,"4","4","3"
2021-01-03,40,18,40,0.842470614794576,0.717503174236154,0.932186706360228,"2",25.07825,26.255,-0.0752436649250057,-0.0752436649250057,18630,"4","5","2"
2021-01-04,43,29,41,0.888673477121052,0.797914438301852,0.992776412281649,"2",22.7024390243902,21.93,0.376527397237558,0.376527397237558,18631,"3","2","4"
2021-01-05,31,35,22,0.943438721338338,0.823850863742389,1.04165162407946,"2",22.8786363636364,25.3,-0.107626682116516,-0.107626682116516,18632,"3","4","2"
2021-01-06,22,21,33,0.994575649067824,0.875517500731063,1.07124559416296,"2",24.1718181818182,22.8,0.323654309348571,0.323654309348571,18633,"4","3","4"
2021-01-07,29,21,52,1.05401087240339,0.948620830652168,1.15541683372971,"3",24.0182692307692,23.32,0.372921905921528,0.372921905921528,18634,"4","3","4"
2021-01-08,42,18,46,1.12913894486754,1.01751597941705,1.23373196580909,"3",24.1252173913043,23.31,0.42146030035999,0.42146030035999,18635,"4","3","4"
2021-01-09,53,30,23,1.18031861712732,1.10103930848282,1.31485394779873,"3",26.32,26,0.090036414399966,0.090036414399966,18636,"5","4","3"
2021-01-10,28,37,47,1.24941937869168,1.15592509664685,1.36204880545541,"3",22.7585106382979,21.79,0.425352765141931,0.425352765141931,18637,"3","2","4"
2021-01-11,38,28,42,1.2965589127389,1.22585559762585,1.40286561680019,"3",24.6878571428571,24.2,0.159066883785375,0.159066883785375,18638,"4","4","3"
2021-01-12,60,31,40,1.34194713306545,1.25729139420854,1.4754398771263,"3",23.00125,22.565,0.230088624274392,0.230088624274392,18639,"3","3","3"
2021-01-13,42,38,34,1.34029055953473,1.26228838280478,1.47424192154715,"3",23.7341176470588,22.675,0.0950467542680855,0.0950467542680855,18640,"3","3","3"
2021-01-14,26,42,40,1.34968626211497,1.21361281439501,1.48931858773379,"3",21.95575,21.85,0.360027674718414,0.360027674718414,18641,"2","2","4"
2021-01-15,35,54,44,1.31524007365643,1.17644979825188,1.43042176438746,"3",22.5145454545455,22.3,0.188131746907147,0.188131746907147,18642,"3","3","3"
2021-01-16,49,43,54,1.25795213197843,1.14587947545927,1.38529770809721,"3",22.582037037037,21.895,0.449490541860203,0.449490541860203,18643,"3","2","4"
2021-01-17,51,56,73,1.21947506909483,1.0985251719769,1.38889533337677,"3",22.0671232876712,21.7,0.532302363773759,0.532302363773759,18644,"3","2","4"
2021-01-18,102,48,72,1.12824149137645,1.03141354411978,1.24797479662107,"3",21.5519444444444,19.96,0.603923947885471,0.603923947885471,18645,"2","1","4"
2021-01-19,55,39,56,1.05981457149505,0.978526282861903,1.18318371062362,"3",23.4321428571429,22.8,0.444020426649547,0.444020426649547,18646,"3","3","4"
2021-01-20,77,38,71,0.988681263791982,0.90231847547218,1.10061560340102,"2",22.9349295774648,22.55,0.671728294768904,0.671728294768904,18647,"3","3","4"
2021-01-21,63,34,77,0.908353554729668,0.829133414685685,1.02292211543455,"2",22.2709090909091,21.6,0.363824508159455,0.363824508159455,18648,"3","2","4"
2021-01-22,55,62,80,0.827938680719765,0.768347933684243,0.926351187164761,"2",23.237625,21.76,0.472199260975649,0.472199260975649,18649,"3","2","4"
2021-01-23,78,38,77,0.767223980317636,0.70706251602298,0.85731424323271,"2",23.997012987013,23.6,0.204224510468875,0.204224510468875,18650,"3","3","3"
2021-01-24,72,30,68,0.71675758767755,0.649770984221423,0.764756976709009,"2",24.3610294117647,24.33,0.0105444828883289,0.0105444828883289,18651,"4","4","3"
2021-01-25,69,26,64,0.659710593218393,0.597729248055952,0.719387935208956,"2",24.479375,25.15,-0.132345814716138,-0.132345814716138,18652,"4","4","2"
2021-01-26,63,28,57,0.614806834698697,0.554360230918468,0.674099491292634,"2",23.5080701754386,23.9,0.27031584535637,0.27031584535637,18653,"3","3","3"
2021-01-27,57,22,52,0.578795888184869,0.512486487592999,0.638656865924661,"2",23.8911538461538,23.585,0.356372729248617,0.356372729248617,18654,"3","3","4"
2021-01-28,38,17,52,0.554599174353612,0.487890198981059,0.632606741808174,"2",23.175,22.5,0.353400200077758,0.353400200077758,18655,"3","3","4"
2021-01-29,48,17,27,0.553691450377362,0.477111384666942,0.631162069922119,"2",24.2814814814815,24.8,0.0624674475513633,0.0624674475513633,18656,"4","4","3"
2021-01-30,26,16,48,0.55396723860521,0.466668643200051,0.646666117129674,"2",25.8177083333333,25.965,-0.00925661080639824,-0.00925661080639824,18657,"4","4","2"
2021-01-31,44,10,32,0.564724274421722,0.481726275968099,0.678334910048834,"2",25.0059375,24.765,0.272117627810162,0.272117627810162,18658,"4","4","3"
2021-02-01,29,20,24,0.591148140228537,0.489776367521099,0.701146090461074,"2",25.7725,24.8,0.0952080555949127,0.0952080555949127,18659,"4","4","3"
2021-02-02,24,20,25,0.61291160635703,0.500579904914735,0.739317671624847,"2",25.8332,24.1,0.318440977760297,0.318440977760297,18660,"4","4","4"
2021-02-03,19,15,21,0.597262164936647,0.493598008354464,0.725450963884933,"2",25.8128571428571,26.02,-0.533869381230412,-0.533869381230412,18661,"4","5","1"
2021-02-04,19,19,22,0.614804673182936,0.481429638275301,0.748089839371339,"2",26.3077272727273,26.865,-0.193849367354284,-0.193849367354284,18662,"5","5","2"
2021-02-05,34,20,27,0.609796982056647,0.482500168925275,0.732374821877317,"2",24.3574074074074,23.74,0.250823720204808,0.250823720204808,18663,"4","3","3"
2021-02-06,16,14,22,0.588474640575164,0.476243075145875,0.70500035425114,"2",26.0736363636364,26.85,-0.258874950298316,-0.258874950298316,18664,"5","5","2"
2021-02-07,24,14,18,0.565834578385927,0.441656068354573,0.68084494537876,"2",25.145,24.32,0.150192826810303,0.150192826810303,18665,"4","4","3"
2021-02-08,28,9,25,0.553315125934553,0.447525773356974,0.683203003651119,"2",25.48,23.6,0.293312969438353,0.293312969438353,18666,"4","3","3"
2021-02-09,21,13,24,0.550395740165952,0.43698972854538,0.671926886850538,"2",25.5045833333333,25.42,-0.241643653860258,-0.241643653860258,18667,"4","4","2"
2021-02-10,17,5,17,0.540837567491125,0.421533917190498,0.651373539826773,"2",24.6541176470588,25.7,-0.0752841261104796,-0.0752841261104796,18668,"4","4","2"
2021-02-11,17,14,11,0.541909272395593,0.397756337116705,0.667099519855114,"2",23.1372727272727,21.83,0.688125411292959,0.688125411292959,18669,"3","2","4"
2021-02-12,18,9,13,0.546564181679289,0.409858936045519,0.685716666677679,"2",25.0115384615385,22.3,0.329317469894085,0.329317469894085,18670,"4","3","4"
2021-02-13,10,7,12,0.565237646818452,0.434666509815583,0.696077453193356,"2",24.2375,22.15,0.393071817971621,0.393071817971621,18671,"4","3","4"
2021-02-14,10,11,6,0.593382909076862,0.449810642951294,0.751459628853225,"2",24.7033333333333,23.905,0.199480333742657,0.199480333742657,18672,"4","3","3"
2021-02-15,4,5,6,0.631836635681782,0.500926984061398,0.791648620973855,"2",24.29,24.8,0.0129222335732252,0.0129222335732252,18673,"4","4","3"
2021-02-16,6,3,12,0.746842180359178,0.548214941761611,0.875320398553181,"2",25.0266666666667,24.35,0.376822414491398,0.376822414491398,18674,"4","4","4"
2021-02-17,12,8,9,0.777806628513879,0.620891634505215,0.931349387242568,"2",27.9255555555556,27.2,0.656498696502118,0.656498696502118,18675,"5","5","4"
2021-02-18,8,6,12,0.889416701976172,0.687203800811092,1.03576216471538,"2",26.4916666666667,28.65,-0.159902653026651,-0.159902653026651,18676,"5","5","2"
2021-02-19,12,6,17,0.927542304523644,0.784270541974247,1.13030472690753,"2",26.3517647058824,26.1,-0.0816814368636598,-0.0816814368636598,18677,"5","5","2"
2021-02-20,10,4,9,1.0118018045943,0.807591275963783,1.18548142766089,"3",23.6111111111111,22.8,0.147606995168025,0.147606995168025,18678,"3","3","3"
2021-02-21,19,13,16,1.0189917937308,0.861117042496533,1.17909159013267,"3",27.03125,27.4,-0.290085005631217,-0.290085005631217,18679,"5","5","2"
2021-02-22,13,24,10,1.04197614059079,0.895513834971285,1.16435007037068,"3",23.38,23.05,0.245588420357435,0.245588420357435,18680,"3","3","3"
2021-02-23,11,15,13,1.02398439762282,0.878108573559478,1.16738318097796,"3",24.8976923076923,22.5,0.238268917674304,0.238268917674304,18681,"4","3","3"
2021-02-24,16,8,17,0.976885415486362,0.859100676482356,1.09908750566592,"2",23.0070588235294,23.45,0.0647198233498275,0.0647198233498275,18682,"3","3","3"
2021-02-25,12,8,21,0.90666997404133,0.801622510056421,1.02567362849042,"2",22.0604761904762,20.2,0.837907166093146,0.837907166093146,18683,"3","2","4"
2021-02-26,18,9,18,0.854856672734297,0.730375549728605,0.974296648833597,"2",23.8261111111111,21.81,0.459759359855787,0.459759359855787,18684,"3","2","4"
2021-02-27,31,4,19,0.811276161799914,0.69054684899097,0.962276073804554,"2",24.3478947368421,20.3,0.495651126246384,0.495651126246384,18685,"4","2","4"
2021-02-28,17,8,13,0.785303318939251,0.69362407794662,0.913272799436818,"2",25.9369230769231,25,0.185978609190865,0.185978609190865,18686,"4","4","3"
2021-03-01,11,11,14,0.824791901314472,0.715509796699334,0.924405715426186,"2",21.1128571428571,21.5,0.350135594636659,0.350135594636659,18687,"2","2","4"
2021-03-02,7,2,7,0.8555998067294,0.723496614709867,0.978868269215782,"2",27.6614285714286,28.52,-0.402811910790574,-0.402811910790574,18688,"5","5","1"
2021-03-03,14,6,9,0.928202140178657,0.80944871557768,1.05493826987255,"2",25.9777777777778,25.72,-0.217023426452072,-0.217023426452072,18689,"4","4","2"
2021-03-04,6,7,11,1.02466439187378,0.868698131987118,1.24628716109152,"3",25.4709090909091,24.5,0.0469059134832958,0.0469059134832958,18690,"4","4","3"
2021-03-05,8,5,8,1.15943935406633,1.01596671127992,1.32152333279263,"3",26.68,28.25,-0.0343920863054247,-0.0343920863054247,18691,"5","5","2"
2021-03-06,4,8,8,1.30012617978236,1.14198712587767,1.45526606673175,"3",28.04625,29.085,-0.2601176003642,-0.2601176003642,18692,"5","5","2"
2021-03-07,13,5,10,1.38075931869183,1.26318526245245,1.57065383781334,"3",27.882,29.355,-0.28960704661285,-0.28960704661285,18693,"5","5","2"
2021-03-08,6,12,5,1.43603193970449,1.2960316922301,1.6540827175054,"3",28.414,31.2,-0.383022218346873,-0.383022218346873,18694,"5","5","1"
2021-03-09,8,23,7,1.37367736978412,1.20982962784764,1.587497925985,"3",26.05,28.5,-0.357893033136947,-0.357893033136947,18695,"5","5","1"
2021-03-10,6,20,17,1.26278335319601,1.11457654677036,1.45663014502149,"3",21.2335294117647,20,0.482457950985858,0.482457950985858,18696,"2","1","4"
2021-03-11,19,18,32,1.12975913812976,0.989529463468055,1.33829561029441,"3",23.5690625,21.97,0.641271001203687,0.641271001203687,18697,"3","2","4"
2021-03-12,54,10,51,0.947572985714148,0.829954158687123,1.10402709510247,"2",23.0692156862745,22.63,0.326144430355852,0.326144430355852,18698,"3","3","4"
2021-03-13,43,14,28,0.778130006367657,0.669830453365995,0.926458875083567,"2",21.1028571428571,18.8,1.19381486220034,1.19381486220034,18699,"2","1","4"
2021-03-14,24,2,29,0.625085908408798,0.533834844978837,0.747425955563049,"2",23.4058620689655,22.5,0.358130075170393,0.358130075170393,18700,"3","3","4"
2021-03-15,16,5,11,0.505090757800496,0.414605188809235,0.6079672536895,"2",27.0645454545455,28.3,-0.0849383813218527,-0.0849383813218527,18701,"5","5","2"
2021-03-16,13,5,9,0.419589537758676,0.321893641295407,0.5200265949291,"1",21.1555555555556,21.5,0.063523052178952,0.063523052178952,18702,"2","2","3"
2021-03-17,8,6,6,0.361016280308665,0.258835898456485,0.454460053915694,"1",28.5583333333333,28.25,0.0336037246858306,0.0336037246858306,18703,"5","5","3"
2021-03-18,6,1,6,0.324035742330518,0.228451896724178,0.422785206676148,"1",25.4833333333333,26.85,-0.228407401917035,-0.228407401917035,18704,"4","5","2"
2021-03-19,10,3,7,0.299681884051379,0.203008971643543,0.397422274980833,"1",25.8257142857143,25.34,0.236195015451704,0.236195015451704,18705,"4","4","3"
2021-03-20,7,2,3,0.282133470603906,0.189542529955706,0.392705998448185,"1",31.1666666666667,30.2,0.199824570838601,0.199824570838601,18706,"5","5","3"
2021-03-21,4,2,7,0.269705537684217,0.165187942433553,0.399570678062104,"1",25.8814285714286,24.3,0.175461109342108,0.175461109342108,18707,"4","4","3"
2021-03-22,7,0,6,0.263973156897308,0.147015207534652,0.405471034984778,"1",29.51,30.41,-0.0598030682340531,-0.0598030682340531,18708,"5","5","2"
2021-03-23,4,2,5,0.268366043836588,0.142640967870812,0.425968549782299,"1",26.976,24.6,0.0476296750372803,0.0476296750372803,18709,"5","4","3"
2021-03-24,4,1,2,0.282894501844728,0.145348806488211,0.440629572830456,"1",32.55,32.55,9.07593511429595e-16,9.07593511429595e-16,18710,"5","5","3"
2021-03-25,4,2,2,0.315129369386812,0.153283761850967,0.503514044400763,"1",26.96,26.96,0,0,18711,"5","5","2"
2021-03-26,3,1,1,0.357346603709071,0.183511771514776,0.621617678297527,"1",29.19,29.19,NA,0.0856153289193773,18712,"5","5",NA
2021-03-27,0,0,0,0.441907346336831,0.221067086370641,0.744239294569195,"1",NA,NA,NA,NA,18713,NA,NA,NA
2021-03-28,0,1,1,0.517434431722703,0.262389892999798,0.83738217340284,"2",29.7,29.7,NA,0.0326575432290672,18714,"5","5",NA
2021-03-29,1,4,1,0.598348726812885,0.326947586863015,0.939421020824113,"2",28.28,28.28,NA,-0.00304334829919297,18715,"5","5",NA
2021-03-30,1,1,0,0.654475597521494,0.366949076481095,1.03022879774558,"2",NA,NA,NA,NA,18716,NA,NA,NA
2021-03-31,1,4,6,0.711882656006231,0.409996635362451,1.01890940588804,"2",17.985,17.405,0.347120256451171,0.347120256451171,18717,"1","1","4"
2021-04-01,2,1,4,0.7495331976733,0.429884897452431,1.01805645119473,"2",27.945,29.19,-0.339415574262911,-0.339415574262911,18718,"5","5","1"
2021-04-02,7,2,0,0.763525663028074,0.45321492844657,1.03619404942467,"2",NA,NA,NA,NA,18719,NA,NA,NA
2021-04-03,1,1,1,0.762528011128638,0.429118799610819,0.946054257471375,"2",29.05,29.05,NA,0.0038523410941298,18720,"5","5",NA
2021-04-04,0,2,1,0.745430451473672,0.431884794129682,0.965633361783425,"2",22,22,NA,0.0038523410941298,18721,"2","2",NA
2021-04-05,1,2,3,0.748222511679375,0.421952170903799,1.0034275840293,"2",19.3333333333333,19.6,-0.0777719210031535,-0.0777719210031535,18722,"1","1","2"
2021-04-06,3,2,5,0.784711438548249,0.448532264635481,1.03934213823251,"2",21.62,22.8,-0.268848112445684,-0.268848112445684,18723,"2","3","2"
2021-04-07,2,2,0,0.834296865225488,0.490428845970957,1.14128097086092,"2",NA,NA,NA,NA,18724,NA,NA,NA
2021-04-08,2,0,1,0.891892524878072,0.569473135128624,1.23242582425106,"2",11.4,11.4,NA,-0.228678535903916,18725,"1","1",NA
2021-04-09,2,2,3,0.936107866383222,0.60200289768533,1.29497832812238,"2",20.3733333333333,20.12,0.118254701879794,0.118254701879794,18726,"2","2","3"
2021-04-10,2,1,4,0.983287128045176,0.646981996483422,1.38352726972492,"2",25.6875,23.025,0.533222502728537,0.533222502728537,18727,"4","3","4"
2021-04-11,2,3,2,1.04456996587286,0.628342040581932,1.43790584391518,"3",21.09,21.09,0,0,18728,"2","2","2"
2021-04-12,2,1,3,1.09723967940941,0.669835021280628,1.45274120447244,"3",33.7833333333333,34.95,-0.351671823411861,-0.351671823411861,18729,"5","5","1"
2021-04-13,3,2,1,1.11948596840125,0.692755917481496,1.51322989536047,"3",30.97,30.97,NA,0.00619145375015713,18730,"5","5",NA
